{"cameraMode":{"drawMode":0,"name":"Shaded","section":"Shading Mode"},"sceneLighting":false,"audioPlay":false,"sceneViewState":{"showFog":true,"showMaterialUpdate":false,"showSkybox":false,"showFlares":true,"showImageEffects":true,"showParticleSystems":true},"in2DMode":false,"pivot":{"x":-0.5374059677124023,"y":0.2994898855686188,"z":-6.708893775939941},"rotation":{"x":0.04507753625512123,"y":0.9145965576171875,"z":-0.10639728605747223,"w":0.38754943013191225},"size":3.4215805530548097,"orthographic":false}