{"cameraMode":{"drawMode":0,"name":"Shaded","section":"Shading Mode"},"sceneLighting":true,"audioPlay":false,"sceneViewState":{"showFog":true,"showMaterialUpdate":false,"showSkybox":true,"showFlares":true,"showImageEffects":true,"showParticleSystems":true},"in2DMode":false,"pivot":{"x":7.579283237457275,"y":-8.23967456817627,"z":22.65986442565918},"rotation":{"x":-0.07743462175130844,"y":-0.1421678066253662,"z":0.011130916886031628,"w":-0.9867610931396484},"size":0.45625603199005129,"orthographic":false}