{"cameraMode":{"drawMode":0,"name":"Shaded","section":"Shading Mode"},"sceneLighting":false,"audioPlay":false,"sceneViewState":{"showFog":true,"showMaterialUpdate":false,"showSkybox":false,"showFlares":true,"showImageEffects":true,"showParticleSystems":true},"in2DMode":false,"pivot":{"x":7.012884140014648,"y":1.3291583061218262,"z":8.771188735961914},"rotation":{"x":-0.07743462175130844,"y":-0.1421678066253662,"z":0.011130916886031628,"w":-0.9867610931396484},"size":2.856254816055298,"orthographic":false}