{"cameraMode":{"drawMode":0,"name":"Shaded","section":"Shading Mode"},"sceneLighting":true,"audioPlay":false,"sceneViewState":{"showFog":true,"showMaterialUpdate":false,"showSkybox":false,"showFlares":true,"showImageEffects":true,"showParticleSystems":true},"in2DMode":false,"pivot":{"x":14.601968765258789,"y":-15.997949600219727,"z":39.42021560668945},"rotation":{"x":-0.07743462175130844,"y":-0.1421678066253662,"z":0.011130916886031628,"w":-0.9867610931396484},"size":2.9562175273895265,"orthographic":false}