{"cameraMode":{"drawMode":0,"name":"Shaded","section":"Shading Mode"},"sceneLighting":true,"audioPlay":false,"sceneViewState":{"showFog":true,"showMaterialUpdate":false,"showSkybox":false,"showFlares":true,"showImageEffects":true,"showParticleSystems":true},"in2DMode":false,"pivot":{"x":13.272613525390625,"y":-13.42317008972168,"z":32.7525634765625},"rotation":{"x":-0.07743462175130844,"y":-0.1421678066253662,"z":0.011130916886031628,"w":-0.9867610931396484},"size":3.292283535003662,"orthographic":false}